match_id,date_x,home_team,away_team,result,result_lbl,date_y,home_win_odds,draw_odds,away_win_odds,odd_sum
EPL2425_002,2024-08-11,West Ham,Newcastle,2,Away-Win,2024-08-11,3.09,5.36,2.26,10.709999999999999
EPL2425_003,2024-08-11,Chelsea,Brighton,2,Away-Win,2024-08-11,2.19,5.9,3.06,11.15
EPL2425_004,2024-08-11,Burnley,Arsenal,0,Home-Win,2024-08-11,3.3,5.06,2.21,10.57
EPL2425_005,2024-08-10,Brentford,Fulham,2,Away-Win,2024-08-10,4.18,3.36,2.41,9.95
EPL2425_006,2024-08-10,Nottingham Forest,Luton,0,Home-Win,2024-08-10,2.67,3.5,3.42,9.59
EPL2425_007,2024-08-10,Sheffield United,Man United,2,Away-Win,2024-08-10,3.21,3.92,2.59,9.719999999999999
EPL2425_008,2024-08-11,Wolves,Man City,0,Home-Win,2024-08-11,3.12,4.11,2.57,9.8
EPL2425_009,2024-08-10,Bournemouth,Tottenham,2,Away-Win,2024-08-10,2.06,4.5,4.07,10.63
EPL2425_011,2024-08-18,Brighton,West Ham,2,Away-Win,2024-08-18,4.44,4.03,2.09,10.56
EPL2425_012,2024-08-19,Newcastle,Fulham,0,Home-Win,2024-08-19,3.03,4.31,2.56,9.9
EPL2425_013,2024-08-18,Aston Villa,Man United,0,Home-Win,2024-08-18,2.88,5.12,2.44,10.44
EPL2425_014,2024-08-19,Bournemouth,Sheffield United,0,Home-Win,2024-08-19,2.66,4.03,3.04,9.73
EPL2425_015,2024-08-19,Brentford,Tottenham,0,Home-Win,2024-08-19,3.37,5.2,2.16,10.73
EPL2425_016,2024-08-19,Luton,Arsenal,0,Home-Win,2024-08-19,2.99,3.58,2.95,9.52
EPL2425_017,2024-08-19,Man City,Burnley,0,Home-Win,2024-08-19,3.13,4.79,2.36,10.28
EPL2425_019,2024-08-18,Crystal Palace,Chelsea,2,Away-Win,2024-08-18,2.67,3.43,3.49,9.59
EPL2425_020,2024-08-17,Nottingham Forest,Liverpool,0,Home-Win,2024-08-17,3.71,3.03,2.83,9.57
EPL2425_021,2024-08-24,Fulham,Bournemouth,2,Away-Win,2024-08-24,2.61,3.34,3.71,9.66
EPL2425_023,2024-08-24,Chelsea,West Ham,0,Home-Win,2024-08-24,3.79,3.62,2.43,9.84
EPL2425_025,2024-08-24,Man City,Luton,0,Home-Win,2024-08-24,2.98,4.02,2.72,9.72
EPL2425_027,2024-08-25,Aston Villa,Crystal Palace,0,Home-Win,2024-08-25,3.04,3.46,2.98,9.48
EPL2425_028,2024-08-24,Nottingham Forest,Man United,0,Home-Win,2024-08-24,2.41,4.18,3.35,9.94
EPL2425_029,2024-08-25,Wolves,Brighton,0,Home-Win,2024-08-25,2.43,4.14,3.33,9.9
EPL2425_031,2024-08-31,Arsenal,Man City,0,Home-Win,2024-08-31,2.71,3.46,3.39,9.56
EPL2425_032,2024-08-31,Sheffield United,Chelsea,2,Away-Win,2024-08-31,3.66,4.48,2.19,10.33
EPL2425_033,2024-09-01,Wolves,Man United,0,Home-Win,2024-09-01,2.54,4.42,3.02,9.98
EPL2425_035,2024-09-01,Newcastle,Brighton,0,Home-Win,2024-09-01,2.29,6.79,2.72,11.8
EPL2425_039,2024-08-31,Liverpool,Bournemouth,2,Away-Win,2024-08-31,2.97,5.55,2.3,10.82
EPL2425_040,2024-09-02,Crystal Palace,Tottenham,0,Home-Win,2024-09-02,4.63,3.98,2.06,10.67
EPL2425_042,2024-09-07,Man United,Aston Villa,2,Away-Win,2024-09-07,2.18,4.15,3.96,10.29
EPL2425_043,2024-09-08,Arsenal,Everton,0,Home-Win,2024-09-08,3.06,5.59,2.24,10.89
EPL2425_044,2024-09-09,Man City,Nottingham Forest,0,Home-Win,2024-09-09,2.61,3.92,3.18,9.709999999999999
EPL2425_045,2024-09-08,Brentford,West Ham,0,Home-Win,2024-09-08,3.09,3.73,2.77,9.59
EPL2425_046,2024-09-08,Tottenham,Brighton,2,Away-Win,2024-09-08,3.26,3.07,3.12,9.45
EPL2425_048,2024-09-08,Luton,Chelsea,2,Away-Win,2024-09-08,2.38,4.06,3.49,9.93
EPL2425_049,2024-09-08,Fulham,Burnley,0,Home-Win,2024-09-08,3.16,3.9,2.64,9.700000000000001
EPL2425_050,2024-09-09,Crystal Palace,Wolves,0,Home-Win,2024-09-09,3.29,3.45,2.79,9.530000000000001
EPL2425_051,2024-09-15,Sheffield United,Wolves,0,Home-Win,2024-09-15,2.28,4.33,3.53,10.139999999999999
EPL2425_052,2024-09-15,Aston Villa,Bournemouth,0,Home-Win,2024-09-15,2.53,4.12,3.17,9.82
EPL2425_053,2024-09-15,Man United,West Ham,0,Home-Win,2024-09-15,3.78,3.72,2.39,9.89
EPL2425_054,2024-09-16,Nottingham Forest,Brighton,0,Home-Win,2024-09-16,2.1,5.7,3.31,11.110000000000001
EPL2425_057,2024-09-14,Burnley,Tottenham,0,Home-Win,2024-09-14,3.54,3.51,2.6,9.65
EPL2425_058,2024-09-15,Luton,Arsenal,0,Home-Win,2024-09-15,3.04,4.65,2.45,10.14
EPL2425_061,2024-09-23,Tottenham,Man City,0,Home-Win,2024-09-23,3.04,4.06,2.65,9.75
EPL2425_062,2024-09-23,Nottingham Forest,Chelsea,0,Home-Win,2024-09-23,3.01,4.1,2.66,9.77
EPL2425_064,2024-09-23,Burnley,Arsenal,0,Home-Win,2024-09-23,2.72,5.11,2.57,10.4
EPL2425_065,2024-09-21,Everton,Sheffield United,2,Away-Win,2024-09-21,3.11,2.88,3.52,9.51
EPL2425_066,2024-09-23,Man United,Wolves,2,Away-Win,2024-09-23,2.51,3.97,3.32,9.8
EPL2425_068,2024-09-23,Bournemouth,Brentford,0,Home-Win,2024-09-23,2.88,3.42,3.2,9.5
EPL2425_069,2024-09-23,Fulham,Luton,0,Home-Win,2024-09-23,2.61,3.34,3.7,9.649999999999999
EPL2425_070,2024-09-23,Aston Villa,Crystal Palace,0,Home-Win,2024-09-23,2.1,4.14,4.28,10.52
EPL2425_071,2024-09-30,Aston Villa,Crystal Palace,0,Home-Win,2024-09-30,2.87,3.69,3.01,9.57
EPL2425_073,2024-09-29,Fulham,Arsenal,0,Home-Win,2024-09-29,1.93,4.94,4.29,11.16
EPL2425_075,2024-09-30,Newcastle,Luton,2,Away-Win,2024-09-30,3.46,4.14,2.37,9.969999999999999
EPL2425_077,2024-09-28,Wolves,Bournemouth,0,Home-Win,2024-09-28,2.36,4.18,3.46,10.0
EPL2425_078,2024-09-30,Liverpool,Nottingham Forest,0,Home-Win,2024-09-30,2.46,4.84,2.95,10.25
EPL2425_079,2024-09-30,Tottenham,Man United,0,Home-Win,2024-09-30,3.93,4.59,2.08,10.6
EPL2425_080,2024-09-30,West Ham,Sheffield United,2,Away-Win,2024-09-30,2.31,4.88,3.18,10.37
EPL2425_082,2024-10-06,Brighton,Luton,0,Home-Win,2024-10-06,2.29,5.26,3.08,10.629999999999999
EPL2425_083,2024-10-07,Burnley,Sheffield United,2,Away-Win,2024-10-07,2.94,3.42,3.12,9.48
EPL2425_085,2024-10-07,Aston Villa,Arsenal,2,Away-Win,2024-10-07,3.12,4.9,2.34,10.36
EPL2425_086,2024-10-05,Fulham,Tottenham,2,Away-Win,2024-10-05,3.79,3.37,2.55,9.71
EPL2425_087,2024-10-05,Newcastle,Everton,0,Home-Win,2024-10-05,4.08,5.72,1.88,11.68
EPL2425_088,2024-10-05,Wolves,Nottingham Forest,2,Away-Win,2024-10-05,2.8,3.34,3.38,9.52
EPL2425_089,2024-10-05,Chelsea,West Ham,0,Home-Win,2024-10-05,2.58,6.08,2.5,11.16
EPL2425_090,2024-10-07,Man United,Crystal Palace,0,Home-Win,2024-10-07,4.44,4.31,2.02,10.77
EPL2425_091,2024-10-14,Man City,Arsenal,0,Home-Win,2024-10-14,2.76,3.75,3.08,9.59
EPL2425_093,2024-10-12,Newcastle,Fulham,0,Home-Win,2024-10-12,3.23,3.79,2.64,9.66
EPL2425_094,2024-10-13,Liverpool,Bournemouth,0,Home-Win,2024-10-13,2.42,3.8,3.62,9.84
EPL2425_096,2024-10-14,Crystal Palace,Man United,0,Home-Win,2024-10-14,2.8,4.97,2.53,10.299999999999999
EPL2425_097,2024-10-12,Wolves,Brentford,0,Home-Win,2024-10-12,2.2,4.43,3.68,10.31
EPL2425_099,2024-10-14,Chelsea,Tottenham,2,Away-Win,2024-10-14,1.91,5.61,3.97,11.49
EPL2425_100,2024-10-14,Brighton,Luton,2,Away-Win,2024-10-14,2.25,4.04,3.85,10.14
EPL2425_101,2024-10-21,Crystal Palace,Fulham,2,Away-Win,2024-10-21,2.63,4.32,2.94,9.89
EPL2425_103,2024-10-19,Arsenal,Aston Villa,0,Home-Win,2024-10-19,2.93,4.04,2.75,9.72
EPL2425_104,2024-10-20,Sheffield United,Tottenham,0,Home-Win,2024-10-20,3.37,5.03,2.19,10.59
EPL2425_105,2024-10-20,West Ham,Burnley,0,Home-Win,2024-10-20,3.18,4.71,2.35,10.24
EPL2425_106,2024-10-20,Chelsea,Man United,0,Home-Win,2024-10-20,4.05,3.64,2.32,10.01
EPL2425_107,2024-10-19,Brighton,Everton,0,Home-Win,2024-10-19,3.12,3.9,2.66,9.68
EPL2425_108,2024-10-19,Luton,Newcastle,2,Away-Win,2024-10-19,3.39,3.47,2.71,9.57
EPL2425_109,2024-10-21,Nottingham Forest,Brentford,2,Away-Win,2024-10-21,2.66,5.26,2.59,10.51
EPL2425_110,2024-10-20,Wolves,Liverpool,0,Home-Win,2024-10-20,2.8,3.73,3.05,9.579999999999998
EPL2425_111,2024-10-26,Nottingham Forest,Newcastle,2,Away-Win,2024-10-26,3.36,3.47,2.72,9.55
EPL2425_112,2024-10-27,Chelsea,Luton,2,Away-Win,2024-10-27,2.4,4.26,3.32,9.98
EPL2425_113,2024-10-27,Liverpool,Tottenham,2,Away-Win,2024-10-27,2.58,4.46,2.93,9.97
EPL2425_114,2024-10-26,Aston Villa,Arsenal,0,Home-Win,2024-10-26,2.27,5.38,3.08,10.73
EPL2425_115,2024-10-27,Man City,West Ham,0,Home-Win,2024-10-27,3.13,5.01,2.31,10.450000000000001
EPL2425_116,2024-10-26,Fulham,Everton,2,Away-Win,2024-10-26,2.08,5.56,3.42,11.059999999999999
EPL2425_117,2024-10-28,Bournemouth,Sheffield United,2,Away-Win,2024-10-28,3.49,5.59,2.05,11.129999999999999
EPL2425_119,2024-10-26,Crystal Palace,Burnley,0,Home-Win,2024-10-26,2.84,3.47,3.21,9.52
EPL2425_120,2024-10-28,Brighton,Brentford,2,Away-Win,2024-10-28,2.45,3.44,3.96,9.850000000000001
EPL2425_121,2024-11-04,Sheffield United,Bournemouth,2,Away-Win,2024-11-04,2.76,5.05,2.55,10.36
EPL2425_122,2024-11-03,Man United,Everton,0,Home-Win,2024-11-03,2.01,4.78,4.07,10.86
EPL2425_123,2024-11-04,Brentford,Fulham,0,Home-Win,2024-11-04,2.76,3.43,3.35,9.54
EPL2425_125,2024-11-02,Luton,West Ham,2,Away-Win,2024-11-02,2.74,3.59,3.24,9.57
EPL2425_126,2024-11-04,Arsenal,Man City,2,Away-Win,2024-11-04,2.54,5.66,2.61,10.809999999999999
EPL2425_127,2024-11-03,Chelsea,Burnley,2,Away-Win,2024-11-03,2.82,4.12,2.82,9.76
EPL2425_128,2024-11-03,Aston Villa,Newcastle,2,Away-Win,2024-11-03,3.13,3.72,2.75,9.6
EPL2425_130,2024-11-02,Crystal Palace,Wolves,0,Home-Win,2024-11-02,2.73,3.88,3.05,9.66
EPL2425_131,2024-11-10,Newcastle,Liverpool,0,Home-Win,2024-11-10,2.05,6.47,3.22,11.74
EPL2425_133,2024-11-10,Man United,Everton,2,Away-Win,2024-11-10,3.61,3.63,2.5,9.74
EPL2425_134,2024-11-11,Tottenham,Bournemouth,0,Home-Win,2024-11-11,2.56,4.33,3.02,9.91
EPL2425_135,2024-11-10,Arsenal,Wolves,0,Home-Win,2024-11-10,2.97,3.96,2.75,9.68
EPL2425_137,2024-11-09,Burnley,Crystal Palace,0,Home-Win,2024-11-09,3.82,3.9,2.3,10.02
EPL2425_138,2024-11-10,Brighton,West Ham,0,Home-Win,2024-11-10,2.26,4.08,3.77,10.11
EPL2425_139,2024-11-09,Nottingham Forest,Fulham,0,Home-Win,2024-11-09,4.19,4.11,2.13,10.43
EPL2425_141,2024-11-16,Man City,Arsenal,0,Home-Win,2024-11-16,2.33,5.97,2.81,11.110000000000001
EPL2425_142,2024-11-16,Nottingham Forest,West Ham,0,Home-Win,2024-11-16,2.56,4.82,2.82,10.200000000000001
EPL2425_143,2024-11-18,Man United,Burnley,0,Home-Win,2024-11-18,3.28,4.14,2.46,9.879999999999999
EPL2425_144,2024-11-18,Wolves,Everton,0,Home-Win,2024-11-18,2.65,4.54,2.82,10.01
EPL2425_145,2024-11-17,Brighton,Chelsea,2,Away-Win,2024-11-17,2.3,4.7,3.27,10.27
EPL2425_146,2024-11-16,Crystal Palace,Liverpool,0,Home-Win,2024-11-16,3.32,4.29,2.39,10.0
EPL2425_147,2024-11-18,Sheffield United,Newcastle,2,Away-Win,2024-11-18,3.9,3.73,2.33,9.96
EPL2425_148,2024-11-18,Brentford,Tottenham,0,Home-Win,2024-11-18,2.97,3.76,2.85,9.58
EPL2425_150,2024-11-18,Fulham,Luton,0,Home-Win,2024-11-18,2.19,4.86,3.45,10.5
EPL2425_151,2024-11-24,Chelsea,Luton,2,Away-Win,2024-11-24,4.02,4.13,2.16,10.309999999999999
EPL2425_152,2024-11-24,Aston Villa,Brentford,0,Home-Win,2024-11-24,2.91,3.55,3.07,9.53
EPL2425_153,2024-11-25,Everton,Arsenal,0,Home-Win,2024-11-25,3.68,5.14,2.06,10.88
EPL2425_154,2024-11-24,Liverpool,Tottenham,2,Away-Win,2024-11-24,3.05,4.94,2.37,10.36
EPL2425_155,2024-11-25,Sheffield United,Man City,0,Home-Win,2024-11-25,2.53,3.56,3.61,9.7
EPL2425_156,2024-11-24,Brighton,West Ham,0,Home-Win,2024-11-24,3.08,4.42,2.49,9.99
EPL2425_157,2024-11-25,Fulham,Wolves,2,Away-Win,2024-11-25,3.27,4.35,2.4,10.02
EPL2425_158,2024-11-25,Man United,Burnley,0,Home-Win,2024-11-25,2.97,6.56,2.16,11.69
EPL2425_159,2024-11-25,Nottingham Forest,Bournemouth,0,Home-Win,2024-11-25,2.89,3.71,2.97,9.57
EPL2425_162,2024-12-01,Newcastle,Wolves,2,Away-Win,2024-12-01,2.59,4.88,2.76,10.23
EPL2425_163,2024-12-02,Sheffield United,Man United,2,Away-Win,2024-12-02,2.28,4.33,3.54,10.149999999999999
EPL2425_164,2024-12-02,Burnley,Nottingham Forest,2,Away-Win,2024-12-02,2.74,3.99,2.96,9.690000000000001
EPL2425_165,2024-11-30,Chelsea,Bournemouth,0,Home-Win,2024-11-30,3.15,3.52,2.85,9.52
EPL2425_166,2024-12-01,West Ham,Crystal Palace,2,Away-Win,2024-12-01,3.78,5.01,2.05,10.84
EPL2425_167,2024-12-01,Brentford,Aston Villa,0,Home-Win,2024-12-01,2.47,5.37,2.76,10.6
EPL2425_168,2024-12-01,Liverpool,Brighton,0,Home-Win,2024-12-01,3.38,3.3,2.82,9.5
EPL2425_169,2024-11-30,Man City,Fulham,2,Away-Win,2024-11-30,3.24,4.43,2.39,10.06
EPL2425_172,2024-12-08,Crystal Palace,Liverpool,0,Home-Win,2024-12-08,3.81,4.04,2.26,10.11
EPL2425_173,2024-12-08,Newcastle,Everton,0,Home-Win,2024-12-08,3.5,4.52,2.25,10.27
EPL2425_174,2024-12-09,Bournemouth,Brentford,0,Home-Win,2024-12-09,3.42,3.08,2.98,9.48
EPL2425_177,2024-12-07,Aston Villa,Man United,0,Home-Win,2024-12-07,2.35,4.16,3.49,10.0
EPL2425_179,2024-12-09,Burnley,Wolves,0,Home-Win,2024-12-09,2.3,3.87,3.87,10.04
EPL2425_181,2024-12-15,Burnley,Arsenal,0,Home-Win,2024-12-15,2.9,5.36,2.38,10.64
EPL2425_182,2024-12-14,Crystal Palace,Liverpool,0,Home-Win,2024-12-14,2.52,4.45,3.03,10.0
EPL2425_183,2024-12-15,Everton,Sheffield United,0,Home-Win,2024-12-15,2.43,5.01,2.93,10.37
EPL2425_184,2024-12-15,Nottingham Forest,Brentford,2,Away-Win,2024-12-15,3.84,3.29,2.58,9.71
EPL2425_185,2024-12-15,Aston Villa,Man City,0,Home-Win,2024-12-15,2.85,3.58,3.11,9.54
EPL2425_186,2024-12-14,Tottenham,Brighton,0,Home-Win,2024-12-14,3.25,3.09,3.12,9.46
EPL2425_188,2024-12-15,Luton,Newcastle,2,Away-Win,2024-12-15,3.07,2.96,3.45,9.48
EPL2425_192,2024-12-23,West Ham,Luton,0,Home-Win,2024-12-23,2.73,4.74,2.67,10.14
EPL2425_193,2024-12-22,Tottenham,Everton,0,Home-Win,2024-12-22,2.65,4.3,2.92,9.87
EPL2425_194,2024-12-21,Brighton,Arsenal,2,Away-Win,2024-12-21,2.45,5.16,2.85,10.46
EPL2425_195,2024-12-21,Liverpool,Burnley,0,Home-Win,2024-12-21,1.96,5.46,3.87,11.29
EPL2425_198,2024-12-23,Aston Villa,Brentford,0,Home-Win,2024-12-23,2.9,4.0,2.8,9.7
EPL2425_199,2024-12-21,Bournemouth,Chelsea,2,Away-Win,2024-12-21,2.54,3.87,3.33,9.74
EPL2425_201,2024-12-29,Aston Villa,Brentford,0,Home-Win,2024-12-29,3.61,4.92,2.12,10.649999999999999
EPL2425_202,2024-12-29,West Ham,Liverpool,0,Home-Win,2024-12-29,3.22,5.25,2.22,10.690000000000001
EPL2425_206,2024-12-30,Nottingham Forest,Luton,2,Away-Win,2024-12-30,3.57,4.08,2.34,9.99
EPL2425_207,2024-12-30,Fulham,Chelsea,2,Away-Win,2024-12-30,3.48,5.05,2.14,10.67
EPL2425_209,2024-12-28,Brighton,Burnley,2,Away-Win,2024-12-28,3.54,4.03,2.37,9.940000000000001
EPL2425_210,2024-12-28,Crystal Palace,Man City,2,Away-Win,2024-12-28,2.69,4.41,2.83,9.93
EPL2425_211,2025-01-05,Arsenal,Crystal Palace,0,Home-Win,2025-01-05,3.21,3.07,3.18,9.459999999999999
EPL2425_212,2025-01-06,Burnley,Brentford,2,Away-Win,2025-01-06,3.83,3.47,2.48,9.780000000000001
EPL2425_213,2025-01-05,Man City,Wolves,0,Home-Win,2025-01-05,3.57,4.55,2.21,10.329999999999998
EPL2425_216,2025-01-06,Bournemouth,West Ham,0,Home-Win,2025-01-06,3.0,4.17,2.64,9.81
EPL2425_218,2025-01-04,Fulham,Chelsea,2,Away-Win,2025-01-04,2.98,5.45,2.31,10.74
EPL2425_219,2025-01-05,Newcastle,Man United,0,Home-Win,2025-01-05,2.58,3.83,3.3,9.71
EPL2425_220,2025-01-06,Liverpool,Aston Villa,2,Away-Win,2025-01-06,3.31,3.9,2.54,9.75
EPL2425_222,2025-01-12,Luton,Burnley,2,Away-Win,2025-01-12,2.76,4.67,2.66,10.09
EPL2425_223,2025-01-13,Brighton,Fulham,2,Away-Win,2025-01-13,2.58,5.04,2.73,10.35
EPL2425_224,2025-01-12,Arsenal,Bournemouth,0,Home-Win,2025-01-12,2.33,5.28,3.0,10.61
EPL2425_226,2025-01-13,Brentford,Aston Villa,2,Away-Win,2025-01-13,2.47,5.51,2.73,10.71
EPL2425_227,2025-01-13,Liverpool,Newcastle,2,Away-Win,2025-01-13,2.98,4.35,2.59,9.92
EPL2425_228,2025-01-11,Sheffield United,Man United,0,Home-Win,2025-01-11,3.4,4.09,2.42,9.91
EPL2425_230,2025-01-12,Crystal Palace,Wolves,0,Home-Win,2025-01-12,2.57,4.47,2.95,9.989999999999998
EPL2425_231,2025-01-18,Crystal Palace,Nottingham Forest,2,Away-Win,2025-01-18,3.44,4.44,2.29,10.170000000000002
EPL2425_232,2025-01-19,Burnley,Newcastle,0,Home-Win,2025-01-19,3.63,2.94,2.97,9.540000000000001
EPL2425_233,2025-01-20,Chelsea,Liverpool,2,Away-Win,2025-01-20,2.04,4.94,3.86,10.84
EPL2425_234,2025-01-19,Bournemouth,Man City,2,Away-Win,2025-01-19,3.56,5.75,2.01,11.32
EPL2425_235,2025-01-18,Luton,Everton,2,Away-Win,2025-01-18,3.32,3.28,2.89,9.49
EPL2425_236,2025-01-19,Tottenham,Sheffield United,0,Home-Win,2025-01-19,3.6,3.94,2.38,9.92
EPL2425_237,2025-01-19,Arsenal,Fulham,0,Home-Win,2025-01-19,2.52,4.01,3.27,9.799999999999999
EPL2425_238,2025-01-19,Brentford,Man United,0,Home-Win,2025-01-19,4.14,4.31,2.09,10.54
EPL2425_239,2025-01-20,Wolves,Aston Villa,0,Home-Win,2025-01-20,2.26,3.75,4.11,10.120000000000001
EPL2425_241,2025-01-27,Man City,Liverpool,0,Home-Win,2025-01-27,2.55,4.06,3.19,9.799999999999999
EPL2425_243,2025-01-27,Everton,Luton,2,Away-Win,2025-01-27,2.43,4.25,3.27,9.95
EPL2425_244,2025-01-25,Fulham,Burnley,0,Home-Win,2025-01-25,3.01,3.5,2.98,9.49
EPL2425_246,2025-01-25,West Ham,Bournemouth,0,Home-Win,2025-01-25,2.72,3.88,3.06,9.66
EPL2425_247,2025-01-26,Man United,Arsenal,2,Away-Win,2025-01-26,1.98,4.24,4.75,10.97
EPL2425_255,2025-02-03,Nottingham Forest,Newcastle,0,Home-Win,2025-02-03,2.35,3.89,3.72,9.96
EPL2425_256,2025-02-03,Man United,Brentford,0,Home-Win,2025-02-03,2.02,4.92,3.95,10.89
EPL2425_258,2025-02-02,Liverpool,Chelsea,0,Home-Win,2025-02-02,3.64,6.02,1.95,11.61
EPL2425_260,2025-02-02,Arsenal,Tottenham,0,Home-Win,2025-02-02,2.4,5.19,2.92,10.51
EPL2425_261,2025-02-09,Aston Villa,Sheffield United,0,Home-Win,2025-02-09,3.0,4.28,2.59,9.870000000000001
EPL2425_262,2025-02-08,Luton,West Ham,0,Home-Win,2025-02-08,2.62,5.47,2.58,10.67
EPL2425_263,2025-02-10,Everton,Wolves,0,Home-Win,2025-02-10,2.47,5.08,2.85,10.4
EPL2425_264,2025-02-08,Chelsea,Burnley,0,Home-Win,2025-02-08,2.52,3.97,3.29,9.780000000000001
EPL2425_265,2025-02-09,Crystal Palace,Fulham,2,Away-Win,2025-02-09,3.31,3.05,3.1,9.459999999999999
EPL2425_267,2025-02-08,Liverpool,Tottenham,0,Home-Win,2025-02-08,2.41,3.94,3.54,9.89
EPL2425_269,2025-02-10,Brighton,Man City,2,Away-Win,2025-02-10,2.11,6.41,3.1,11.62
EPL2425_270,2025-02-08,Man United,Bournemouth,0,Home-Win,2025-02-08,2.87,3.04,3.65,9.56
EPL2425_272,2025-02-16,Wolves,Aston Villa,2,Away-Win,2025-02-16,3.07,5.36,2.27,10.7
EPL2425_273,2025-02-15,Luton,Brighton,2,Away-Win,2025-02-15,2.27,3.93,3.89,10.09
EPL2425_274,2025-02-16,Arsenal,Bournemouth,0,Home-Win,2025-02-16,1.95,4.88,4.26,11.09
EPL2425_275,2025-02-17,Liverpool,Crystal Palace,2,Away-Win,2025-02-17,2.47,4.1,3.29,9.86
EPL2425_276,2025-02-15,Burnley,Chelsea,2,Away-Win,2025-02-15,3.24,4.16,2.48,9.88
EPL2425_277,2025-02-17,Tottenham,West Ham,0,Home-Win,2025-02-17,3.12,3.35,3.0,9.47
EPL2425_278,2025-02-15,Sheffield United,Fulham,0,Home-Win,2025-02-15,2.51,4.76,2.9,10.17
EPL2425_280,2025-02-17,Newcastle,Nottingham Forest,2,Away-Win,2025-02-17,2.89,3.38,3.23,9.5
EPL2425_281,2025-02-24,Burnley,Liverpool,2,Away-Win,2025-02-24,2.27,4.28,3.61,10.16
EPL2425_282,2025-02-24,Nottingham Forest,West Ham,2,Away-Win,2025-02-24,2.18,5.49,3.2,10.870000000000001
EPL2425_284,2025-02-23,Tottenham,Fulham,0,Home-Win,2025-02-23,3.05,4.41,2.52,9.98
EPL2425_285,2025-02-22,Aston Villa,Man City,0,Home-Win,2025-02-22,2.21,3.99,4.01,10.21
EPL2425_287,2025-02-23,Brentford,Everton,2,Away-Win,2025-02-23,4.06,3.58,2.34,9.98
EPL2425_289,2025-02-23,Arsenal,Luton,2,Away-Win,2025-02-23,4.0,3.29,2.51,9.8
EPL2425_290,2025-02-22,Sheffield United,Bournemouth,0,Home-Win,2025-02-22,2.1,4.63,3.84,10.57
EPL2425_291,2025-03-01,Brighton,Tottenham,2,Away-Win,2025-03-01,1.96,4.87,4.23,11.06
EPL2425_292,2025-03-03,Newcastle,Wolves,2,Away-Win,2025-03-03,3.71,3.03,2.83,9.57
EPL2425_293,2025-03-03,Bournemouth,Crystal Palace,2,Away-Win,2025-03-03,3.36,3.73,2.59,9.68
EPL2425_295,2025-03-01,Arsenal,West Ham,0,Home-Win,2025-03-01,2.8,3.91,2.95,9.66
EPL2425_296,2025-03-03,Man City,Luton,2,Away-Win,2025-03-03,2.24,3.89,4.02,10.15
EPL2425_297,2025-03-02,Burnley,Chelsea,2,Away-Win,2025-03-02,3.52,3.26,2.76,9.54
EPL2425_300,2025-03-02,Nottingham Forest,Sheffield United,0,Home-Win,2025-03-02,2.34,4.61,3.25,10.2
EPL2425_302,2025-03-09,Nottingham Forest,Crystal Palace,0,Home-Win,2025-03-09,3.14,3.7,2.75,9.59
EPL2425_303,2025-03-08,Sheffield United,Fulham,2,Away-Win,2025-03-08,3.17,3.16,3.13,9.46
EPL2425_304,2025-03-08,Newcastle,Arsenal,0,Home-Win,2025-03-08,2.9,4.56,2.58,10.04
EPL2425_305,2025-03-08,Brighton,Wolves,2,Away-Win,2025-03-08,2.26,4.2,3.67,10.129999999999999
EPL2425_306,2025-03-08,Man City,Brentford,0,Home-Win,2025-03-08,2.37,4.58,3.2,10.15
EPL2425_307,2025-03-09,Aston Villa,Liverpool,0,Home-Win,2025-03-09,2.39,3.62,3.88,9.89
EPL2425_308,2025-03-10,Bournemouth,Tottenham,0,Home-Win,2025-03-10,2.78,5.06,2.53,10.37
EPL2425_309,2025-03-09,West Ham,Luton,0,Home-Win,2025-03-09,3.59,4.14,2.32,10.049999999999999
EPL2425_310,2025-03-09,Burnley,Chelsea,2,Away-Win,2025-03-09,3.4,3.2,2.89,9.49
EPL2425_311,2025-03-15,Bournemouth,Crystal Palace,0,Home-Win,2025-03-15,2.67,5.13,2.61,10.41
EPL2425_313,2025-03-15,Fulham,Everton,0,Home-Win,2025-03-15,3.54,3.2,2.8,9.54
EPL2425_314,2025-03-15,Man City,Liverpool,0,Home-Win,2025-03-15,1.91,4.62,4.72,11.25
EPL2425_315,2025-03-17,Sheffield United,Brentford,0,Home-Win,2025-03-17,2.17,4.11,4.01,10.29
EPL2425_317,2025-03-16,Chelsea,Wolves,0,Home-Win,2025-03-16,2.77,4.01,2.92,9.7
EPL2425_318,2025-03-17,Luton,West Ham,2,Away-Win,2025-03-17,2.31,3.62,4.13,10.059999999999999
EPL2425_321,2025-03-22,Everton,Bournemouth,0,Home-Win,2025-03-22,2.61,4.39,2.93,9.93
EPL2425_322,2025-03-24,Man United,Liverpool,0,Home-Win,2025-03-24,2.39,4.15,3.42,9.96
EPL2425_323,2025-03-23,Tottenham,Luton,0,Home-Win,2025-03-23,2.82,5.49,2.41,10.72
EPL2425_325,2025-03-22,Man City,Arsenal,2,Away-Win,2025-03-22,2.21,4.88,3.4,10.49
EPL2425_326,2025-03-24,Newcastle,Chelsea,2,Away-Win,2025-03-24,2.78,3.64,3.15,9.57
EPL2425_327,2025-03-22,Aston Villa,West Ham,0,Home-Win,2025-03-22,1.96,5.38,3.92,11.26
EPL2425_328,2025-03-23,Nottingham Forest,Crystal Palace,2,Away-Win,2025-03-23,2.97,2.97,3.58,9.52
EPL2425_329,2025-03-23,Fulham,Sheffield United,2,Away-Win,2025-03-23,3.54,5.73,2.02,11.29
EPL2425_331,2025-03-29,Aston Villa,Nottingham Forest,0,Home-Win,2025-03-29,2.1,4.37,4.04,10.510000000000002
EPL2425_332,2025-03-30,Chelsea,Wolves,0,Home-Win,2025-03-30,2.24,3.56,4.44,10.240000000000002
EPL2425_333,2025-03-29,West Ham,Man United,0,Home-Win,2025-03-29,2.88,3.31,3.3,9.489999999999998
EPL2425_334,2025-03-31,Everton,Newcastle,0,Home-Win,2025-03-31,2.25,4.39,3.58,10.219999999999999
EPL2425_335,2025-03-30,Sheffield United,Fulham,2,Away-Win,2025-03-30,3.5,4.78,2.19,10.47
EPL2425_336,2025-03-30,Crystal Palace,Burnley,0,Home-Win,2025-03-30,3.69,3.2,2.71,9.600000000000001
EPL2425_338,2025-03-29,Man City,Liverpool,2,Away-Win,2025-03-29,2.87,3.79,2.95,9.61
EPL2425_340,2025-03-30,Luton,Brentford,0,Home-Win,2025-03-30,2.27,4.47,3.47,10.21
EPL2425_341,2025-04-06,Tottenham,Newcastle,0,Home-Win,2025-04-06,2.25,4.35,3.6,10.2
EPL2425_342,2025-04-06,Wolves,Brighton,2,Away-Win,2025-04-06,2.11,4.61,3.83,10.55
EPL2425_343,2025-04-07,Brentford,Chelsea,2,Away-Win,2025-04-07,1.97,5.76,3.68,11.41
EPL2425_344,2025-04-05,Man United,Bournemouth,0,Home-Win,2025-04-05,3.56,5.38,2.06,11.0
EPL2425_346,2025-04-06,Aston Villa,West Ham,0,Home-Win,2025-04-06,3.45,3.12,2.92,9.49
EPL2425_347,2025-04-06,Crystal Palace,Luton,2,Away-Win,2025-04-06,2.34,5.09,3.04,10.469999999999999
EPL2425_348,2025-04-05,Nottingham Forest,Fulham,0,Home-Win,2025-04-05,3.71,3.81,2.38,9.899999999999999
EPL2425_349,2025-04-06,Arsenal,Liverpool,2,Away-Win,2025-04-06,3.23,3.91,2.58,9.72
EPL2425_350,2025-04-06,Burnley,Sheffield United,0,Home-Win,2025-04-06,3.32,4.7,2.28,10.299999999999999
EPL2425_354,2025-04-13,Wolves,Brentford,0,Home-Win,2025-04-13,3.02,3.28,3.16,9.46
EPL2425_355,2025-04-12,Sheffield United,Arsenal,2,Away-Win,2025-04-12,2.68,3.9,3.1,9.68
EPL2425_356,2025-04-13,Nottingham Forest,Fulham,0,Home-Win,2025-04-13,2.8,3.86,2.97,9.63
EPL2425_357,2025-04-12,Man United,Man City,0,Home-Win,2025-04-12,2.95,5.11,2.39,10.450000000000001
EPL2425_358,2025-04-12,Liverpool,Luton,2,Away-Win,2025-04-12,2.36,5.06,3.02,10.44
EPL2425_359,2025-04-14,Chelsea,Crystal Palace,0,Home-Win,2025-04-14,2.45,4.23,3.26,9.940000000000001
EPL2425_360,2025-04-12,West Ham,Bournemouth,0,Home-Win,2025-04-12,3.56,3.89,2.41,9.86
EPL2425_361,2025-04-19,Newcastle,Fulham,2,Away-Win,2025-04-19,3.65,4.69,2.15,10.49
EPL2425_362,2025-04-21,Everton,Sheffield United,0,Home-Win,2025-04-21,3.57,3.73,2.47,9.77
EPL2425_363,2025-04-20,Burnley,Liverpool,0,Home-Win,2025-04-20,2.55,3.66,3.48,9.69
EPL2425_364,2025-04-20,Man United,Wolves,2,Away-Win,2025-04-20,3.39,4.0,2.46,9.850000000000001
EPL2425_365,2025-04-20,Tottenham,Nottingham Forest,0,Home-Win,2025-04-20,3.2,6.35,2.07,11.620000000000001
EPL2425_366,2025-04-20,Brighton,Arsenal,0,Home-Win,2025-04-20,3.87,5.05,2.01,10.93
EPL2425_367,2025-04-20,West Ham,Crystal Palace,0,Home-Win,2025-04-20,2.12,4.75,3.7,10.57
EPL2425_368,2025-04-19,Aston Villa,Brentford,0,Home-Win,2025-04-19,2.27,5.86,2.93,11.06
EPL2425_369,2025-04-19,Chelsea,Bournemouth,0,Home-Win,2025-04-19,2.91,4.72,2.52,10.15
EPL2425_372,2025-04-28,Brighton,Sheffield United,0,Home-Win,2025-04-28,2.71,3.49,3.37,9.57
EPL2425_373,2025-04-27,Bournemouth,Luton,0,Home-Win,2025-04-27,1.9,5.98,3.85,11.73
EPL2425_374,2025-04-27,Chelsea,Everton,2,Away-Win,2025-04-27,3.65,3.92,2.36,9.93
EPL2425_378,2025-04-27,Liverpool,Crystal Palace,2,Away-Win,2025-04-27,2.58,4.68,2.85,10.11
EPL2425_379,2025-04-27,Burnley,Wolves,0,Home-Win,2025-04-27,2.58,3.48,3.61,9.67
EPL2425_380,2025-04-27,West Ham,Tottenham,0,Home-Win,2025-04-27,2.54,6.27,2.51,11.319999999999999
